category,case,implementation,samples,iterations,median_ms,p95_ms,min_ms,max_ms,median_managed_delta_bytes,median_private_delta_bytes,gen0,gen1,gen2,seed,warmups,runtime,os,cpu
"metrics","fps_10000","legacy_repeated",10000,7,2.038900,2.179000,2.010700,2.179000,947936,0,0,0,0,123456789,3,"4.0.30319.42000","Microsoft Windows NT 6.2.9200.0","AMD Ryzen 7 9800X3D 8-Core Processor"
"metrics","fps_10000","batch_cold",10000,7,0.446600,0.600100,0.429100,0.600100,387600,0,0,0,0,123456789,3,"4.0.30319.42000","Microsoft Windows NT 6.2.9200.0","AMD Ryzen 7 9800X3D 8-Core Processor"
"metrics","fps_10000","batch_warm",10000,7,0.022200,0.083500,0.022000,0.083500,147456,0,0,0,0,123456789,3,"4.0.30319.42000","Microsoft Windows NT 6.2.9200.0","AMD Ryzen 7 9800X3D 8-Core Processor"
"metrics","frametime_10000","legacy_repeated",10000,7,1.764100,1.863500,1.655100,1.863500,947936,0,0,0,0,123456789,3,"4.0.30319.42000","Microsoft Windows NT 6.2.9200.0","AMD Ryzen 7 9800X3D 8-Core Processor"
"metrics","frametime_10000","batch_cold",10000,7,0.434300,0.474400,0.416200,0.474400,387600,0,0,0,0,123456789,3,"4.0.30319.42000","Microsoft Windows NT 6.2.9200.0","AMD Ryzen 7 9800X3D 8-Core Processor"
"metrics","frametime_10000","batch_warm",10000,7,0.022200,0.022300,0.019400,0.022300,147456,0,0,0,0,123456789,3,"4.0.30319.42000","Microsoft Windows NT 6.2.9200.0","AMD Ryzen 7 9800X3D 8-Core Processor"
"metrics","fps_100000","legacy_repeated",100000,7,25.652300,27.978400,25.294100,27.978400,8147696,0,0,0,0,123456789,3,"4.0.30319.42000","Microsoft Windows NT 6.2.9200.0","AMD Ryzen 7 9800X3D 8-Core Processor"
"metrics","fps_100000","batch_cold",100000,7,5.374700,5.860800,5.282500,5.860800,2547528,0,0,0,0,123456789,3,"4.0.30319.42000","Microsoft Windows NT 6.2.9200.0","AMD Ryzen 7 9800X3D 8-Core Processor"
"metrics","fps_100000","batch_warm",100000,7,0.181500,0.251900,0.175300,0.251900,147456,0,0,0,0,123456789,3,"4.0.30319.42000","Microsoft Windows NT 6.2.9200.0","AMD Ryzen 7 9800X3D 8-Core Processor"
"metrics","frametime_100000","legacy_repeated",100000,7,25.109700,29.094400,23.983500,29.094400,8147696,0,0,0,0,123456789,3,"4.0.30319.42000","Microsoft Windows NT 6.2.9200.0","AMD Ryzen 7 9800X3D 8-Core Processor"
"metrics","frametime_100000","batch_cold",100000,7,5.359900,5.389300,5.302900,5.389300,2547528,0,0,0,0,123456789,3,"4.0.30319.42000","Microsoft Windows NT 6.2.9200.0","AMD Ryzen 7 9800X3D 8-Core Processor"
"metrics","frametime_100000","batch_warm",100000,7,0.178300,0.199300,0.175400,0.199300,147456,0,0,0,0,123456789,3,"4.0.30319.42000","Microsoft Windows NT 6.2.9200.0","AMD Ryzen 7 9800X3D 8-Core Processor"
"metrics","fps_1000000","legacy_repeated",1000000,7,315.582700,423.660700,297.157600,423.660700,80147920,55975936,0,0,0,123456789,3,"4.0.30319.42000","Microsoft Windows NT 6.2.9200.0","AMD Ryzen 7 9800X3D 8-Core Processor"
"metrics","fps_1000000","batch_cold",1000000,7,68.936400,73.190300,64.753000,73.190300,24147528,0,0,0,0,123456789,3,"4.0.30319.42000","Microsoft Windows NT 6.2.9200.0","AMD Ryzen 7 9800X3D 8-Core Processor"
"metrics","fps_1000000","batch_warm",1000000,7,1.753900,3.312100,1.741000,3.312100,147456,0,0,0,0,123456789,3,"4.0.30319.42000","Microsoft Windows NT 6.2.9200.0","AMD Ryzen 7 9800X3D 8-Core Processor"
"metrics","frametime_1000000","legacy_repeated",1000000,7,272.178400,289.210600,264.233900,289.210600,80147920,55975936,0,0,0,123456789,3,"4.0.30319.42000","Microsoft Windows NT 6.2.9200.0","AMD Ryzen 7 9800X3D 8-Core Processor"
"metrics","frametime_1000000","batch_cold",1000000,7,68.520200,70.470800,65.109400,70.470800,24147528,0,0,0,0,123456789,3,"4.0.30319.42000","Microsoft Windows NT 6.2.9200.0","AMD Ryzen 7 9800X3D 8-Core Processor"
"metrics","frametime_1000000","batch_warm",1000000,7,2.240900,3.432700,1.755300,3.432700,147456,0,0,0,0,123456789,3,"4.0.30319.42000","Microsoft Windows NT 6.2.9200.0","AMD Ryzen 7 9800X3D 8-Core Processor"
"distribution","typical_frametime","sparse",200000,3,11.155200,11.625600,11.099600,11.625600,13379920,0,0,0,0,123456789,1,"4.0.30319.42000","Microsoft Windows NT 6.2.9200.0","AMD Ryzen 7 9800X3D 8-Core Processor"
"distribution","typical_frametime","legacy_dense",200000,3,469.521800,483.729800,453.977600,483.729800,204848,0,0,0,0,123456789,1,"4.0.30319.42000","Microsoft Windows NT 6.2.9200.0","AMD Ryzen 7 9800X3D 8-Core Processor"
"distribution","typical_display","sparse",200000,3,11.036700,11.242800,11.031900,11.242800,13379920,0,0,0,0,123456789,1,"4.0.30319.42000","Microsoft Windows NT 6.2.9200.0","AMD Ryzen 7 9800X3D 8-Core Processor"
"distribution","typical_display","legacy_dense",200000,3,475.358100,487.479700,465.160300,487.479700,204848,0,0,0,0,123456789,1,"4.0.30319.42000","Microsoft Windows NT 6.2.9200.0","AMD Ryzen 7 9800X3D 8-Core Processor"
"distribution","hitch_display","sparse",20000,3,1.149500,1.208300,1.134500,1.208300,1727936,0,0,0,0,123456789,1,"4.0.30319.42000","Microsoft Windows NT 6.2.9200.0","AMD Ryzen 7 9800X3D 8-Core Processor"
"distribution","hitch_display","legacy_dense",20000,3,495.296200,511.814600,471.071600,511.814600,745688,0,0,0,0,123456789,1,"4.0.30319.42000","Microsoft Windows NT 6.2.9200.0","AMD Ryzen 7 9800X3D 8-Core Processor"
"distribution","pathological_frametime","sparse",2000,3,0.154800,0.229500,0.151600,0.229500,312680,0,0,0,0,123456789,1,"4.0.30319.42000","Microsoft Windows NT 6.2.9200.0","AMD Ryzen 7 9800X3D 8-Core Processor"
"distribution","pathological_frametime","legacy_dense",2000,3,462.299300,463.031100,461.501700,463.031100,5472544,0,0,0,0,123456789,1,"4.0.30319.42000","Microsoft Windows NT 6.2.9200.0","AMD Ryzen 7 9800X3D 8-Core Processor"
